"rsID","chromosome","Position","sol_effect_Allele","sol_other_Allele","sol_eaf","sol_pval","sol_beta"
"rs7903146",10,114748339,"C","T",0.413676825049333,1.26345520684123e-11,-0.309541918974974
"rs3786897",19,38584848,"A","G",0.503135141707025,0.404335889028564,0.0351381610500956
"rs13233731",7,130088229,"G","A",0.850146940094419,0.0625263802888596,0.0743323226752007
"rs7756992",6,20787688,"A","G",0.617830426897854,0.00261489333311267,-0.125571077416261
"rs1802295",10,70601480,"C","T",0.110901988530532,0.413719640182592,0.0385325792876512
"rs6467136",7,126952194,"A","G",0.421328420122154,0.109295413056714,-0.0628989611110164
"rs7955901",12,69719560,"C","T",0.247459497977979,0.147472437523478,0.0570444287792272
"rs780094",2,27594741,"T","C",0.441755941673182,0.328899389430183,-0.0404112761612051
"rs3923113",2,165210095,"A","C",0.531741362903267,0.000352903178944138,0.157130660613758
"rs7202877",16,73804746,"T","G",0.24334366961848,0.810832594285655,0.0157637075790887
"rs9470794",6,38214822,"T","C",0.515084762568586,0.191132162759104,-0.0844158714000802
"rs831571",3,64023337,"T","C",0.881584451673552,0.0520620109342112,-0.115649916077592
"rs10401969",19,19268718,"T","C",0.140024056355469,0.941394539748791,-0.00546172372269267
"rs7403531",15,36610197,"T","C",0.355901721841656,6.26086034274998e-06,0.190803901786251
"rs7593730",2,160879700,"T","C",0.911929639708251,0.018509273071678,-0.121358659910857
"rs17791513",9,81095410,"A","G",0.949654020811431,0.161733901541502,0.0861261571251503
"rs6878122",5,76463067,"G","A",0.400269786524586,0.000171981421131742,0.160385285201651
"rs1111875",10,94452862,"C","T",0.326348651945591,0.00745206782080514,0.109988617539215
"rs11257655",10,12347900,"C","T",0.548017063364386,1.98339435576488e-05,-0.194426912585651
"rs1552224",11,72110746,"A","C",0.0828594842692837,0.0427266240773303,0.150662896453144
"rs163184",11,2803645,"T","G",0.855729891103692,1.10162144271517e-07,-0.213610668890906
"rs10923931",1,120319482,"G","T",0.839756699395366,0.0609330414657212,-0.111670338073968
"rs849135",7,28162938,"G","A",0.937373416195624,2.09703018467718e-05,0.176303710782135
"rs5215",11,17365206,"C","T",0.617001882265322,0.088889886664101,0.0720494158492599
"rs17168486",7,14864807,"C","T",0.242971744039096,0.0176979891912202,-0.106824274756468
"rs10203174",2,43543534,"C","T",0.177309687575325,0.0319425653747756,0.135299126259316
"rs1535500",6,39392028,"G","T",0.737957478081807,0.533610121557619,-0.025089803552285
"rs16861329",3,188149155,"C","T",0.295206404849887,0.17522096853532,0.0662408908508408
"rs10830963",11,92348358,"C","G",0.0922063915524632,1.49782158501808e-07,-0.24978031604198
"rs17584499",9,8869118,"C","T",0.060362961795181,0.606932477067868,0.0256278529822027
"rs2075423",1,212221342,"G","T",0.891609044419602,0.41925102251542,0.0338092876135818
"rs4812829",20,42422681,"G","A",0.669847426866181,0.0212038057570329,-0.101765057116887
"rs8108269",19,50850353,"T","G",0.812199866911396,0.563006158961069,0.0235834249688202
"rs2261181",12,64498585,"C","T",0.718810363695957,0.291728088716326,-0.0664867656896897
"rs1359790",13,79615157,"G","A",0.909670887584798,0.105583348079556,0.0706206764230432
"rs2028299",15,88175261,"C","A",0.648888462688774,0.715034164516865,0.0175667491680375
"rs6795735",3,64680405,"C","T",0.739600820816122,0.0894346510344444,0.0745331259518673
"rs9936385",16,52376670,"T","C",0.828128131199628,0.135512432136109,-0.0635704277630232
"rs7041847",9,4277466,"A","G",0.34333349452354,0.0324816806592301,0.0872744982774767
"rs11063069",12,4244634,"A","G",0.522570624994114,0.120041811550668,0.0869478434617573
"rs4402960",3,186994381,"G","T",0.880697546573356,0.000810479351452907,-0.145606924916737
"rs6723108",2,135196450,"G","T",0.618393018981442,0.0440787735721067,0.11427354729375
"rs1801282",3,12368125,"C","G",0.0898399554425851,0.0213692158847108,0.162050329307806
"rs4430796",17,33172153,"G","A",0.669782498548739,0.666377453894065,0.017309224330642
"rs12899811",15,89345080,"A","G",0.393488754145801,0.553100698995193,-0.0251107305927198
"rs10811661",9,22124094,"T","C",0.118372821784578,0.436069322096031,0.0453085999776612
"rs12427353",12,119911284,"G","C",0.34320050557144,0.0552993449352416,0.119681020620339
"rs10886471",10,121139393,"C","T",0.324121788144112,0.879068757279388,0.00606515603166032
"rs516946",8,41638405,"T","C",0.361820397828706,3.70665827847061e-05,-0.195440338937324
"rs391300",17,2163008,"T","C",0.255140227498487,0.00548335201377276,0.114055850990535
"rs10842994",12,27856417,"C","T",0.886154073756188,0.756556466811971,0.0170037244068619
"rs7845219",8,96006678,"T","C",0.730100989690982,0.0798258109151457,0.0691093502677027
"rs7163757",15,60178900,"C","T",0.174328106734902,0.352108137547951,-0.0364021786769086
"rs243088",2,60422249,"A","T",0.739493764215149,0.391371947373163,-0.0342886821090999
"rs2334499",11,1653425,"C","T",0.0552802568068728,0.0246196157761775,0.0912329975564556
"rs3802177",8,118254206,"G","A",0.613996515260078,0.497615730200182,0.0311630703484537
"rs4458523",4,6340887,"T","G",0.871763460384682,0.00700327253352509,-0.11632811545106
"rs459193",5,55842508,"A","G",0.507229008013383,0.102718783107882,-0.072362081915872
"rs2796441",9,83498768,"G","A",0.158341344934888,0.00121328799091958,0.131534734742052
"rs2943640",2,226801829,"A","C",0.553945716121234,0.138429486417637,-0.0747790704743828
"rs7612463",3,23311454,"C","A",0.193930772319436,0.259259592575249,0.0725052474177302
"rs7178572",15,75534245,"A","G",0.582391081890091,0.121512789387149,-0.0626659418678504
"rs12571751",10,80612637,"A","G",0.893129876628518,0.584565669930484,0.0215700891403987
"rs11717195",3,124565088,"T","C",0.220188349462114,5.09399197501336e-06,0.215704623105483
"rs12970134",18,56035730,"G","A",0.611303013726138,0.992437703404793,-0.000500835284166855
"rs7560163",2,151346182,"C","G",0.689283603965305,0.374948983236728,-0.12413666630233
"rs6815464",4,1299901,"C","G",0.751281968480907,0.0256012506556681,0.11321727306115
"rs10278336",7,44211888,"A","G",0.818667903938331,0.0480143508339559,0.0817238730747631
"rs11634397",15,78219277,"A","G",0.204322740319185,0.288439731226844,-0.0426437164799055
"rs6813195",4,153739925,"C","T",0.927060974645428,0.0137857066400137,0.103609515191808
"rs3132524",6,31244693,"T","C",0.784626467386261,0.019885736885385,-0.112747009790082
"rs702634",5,53307177,"G","A",0.0669448971515521,0.0708695430509883,-0.0886695993827279
"rs9502570",6,7203616,"C","T",0.396948594646528,0.351113033233254,-0.0407069727658104
"rs1727313",12,122206806,"C","G",0.797442995803431,0.897776974252921,0.0064072320665834
"rs17106184",1,50682573,"G","A",0.632421277859248,0.492269272247717,0.0549921711916583
"rs6808574",3,189223217,"T","C",0.598731898842379,0.0805416857730405,-0.0801812138500516
